name,yom,price,origin,status,KMtraveled,color,doorNumber,seatNumber,engine,gear,fuelConsumption
Hãng Ford bán Focus 1.5 Ecoboost Turbo 2017 một chủ chạy siêu ít,2017,395 triệu,Trong nước,Đã qua sử dụng,34000,11,4,5,Số tự động,8,Xăng
Hãng bán Ford Ecosport Titanium 2019 chạy ít 30.000 km,2019,465 triệu,Trong nước,Đã qua sử dụng,30000,8,5,5,Số tự động,6,Xăng
" Ford Transit năm 2018, màu trắng, giá chỉ 540 triệu",2018,540 triệu,Lắp ráp trong nước,Đã qua sử dụng,79000,0,4,16,Số tự động,0,
" Ford Ranger XLS AT 4x4 2023, màu đen",2023,715 triệu,Trong nước,Đã qua sử dụng,15000,10,4,5,Số tự động,8,Diesel
"Suzuki XL7 2021,odo 48.000km giá 471 còn thương lượng mạnh",2021,471 triệu,Nhập khẩu,Đã qua sử dụng,48000,Nâu,5,5,Số tự động,0,
 Hyundai Kona Đặc biệt 2.0 ATH sx 2020 màu Xanh,2020,555 triệu,Trong nước,Đã qua sử dụng,21000,10,5,5,Số tự động,8,Xăng
" Ford Ranger năm sản xuất 2020, màu ghi, nhập khẩu nguyên chiếc, giá tốt",2020,665 triệu,Nhập khẩu,Đã qua sử dụng,19000,Diesel,0,Đỏ,Số tự động,,
Hyundai Accent đặc biệt 2022 giá chỉ 468tr còn thương lượng,2022,458 triệu,Lắp ráp trong nước,Đã qua sử dụng,26252,Đỏ,5,5,Số tự động,0,
"Cần bán xe Honda Brio RS sản xuất 2021, màu trắng, xe nhập, giá 399tr",2021,399 triệu,Nhập khẩu,Đã qua sử dụng,7500,Trắng,5,5,Số tự động,0,
"Toyota Veloz Cross CVT Top 2023, màu đỏ, giá tốt nhất thị trường",2023,657 triệu,Trong nước,Đã qua sử dụng,16000,Đỏ,5,5,Số tự động,0,
"Mazda 3 1.5 Luxury năm 2022, màu trắng, giá tốt",2022,578 triệu,Lắp ráp trong nước,Đã qua sử dụng,29800,Trắng,5,5,Số tự động,0,
"Ford EcoSport Titanium 2021, full đồ chơi chính hãng bán",2021,510 triệu,Trong nước,Đã qua sử dụng,40000,Trắng,5,5,Số tự động,8,0
Honda City L 2022 màu bạc giá 483tr còn thương lượng mạnh,2022,483 triệu,Trong nước,Đã qua sử dụng,51000,0,5,5,Số tự động,0,
Hyundai Accent AT 2023 giá 463tr còn thương lượng mạnh,2023,463 triệu,Trong nước,Đã qua sử dụng,17424,Đỏ,5,5,Số tự động,0,
"Toyota Vios G 2023, màu đen, giá 534tr còn thương lượng mạnh",2023,534 triệu,Trong nước,Đã qua sử dụng,13445,Đen,5,5,Số tự động,0,
"Kia Seltos Premium 2021, màu đỏ, giá 605 triệu thương lượng mạnh",2021,605 triệu,Trong nước,Đã qua sử dụng,35600,Đỏ,5,5,Số tự động,0,
"Ford Ranger XLS AT đèn Led 2023, hãng bán BH toàn quốc",2023,675 triệu,Trong nước,Đã qua sử dụng,25000,Nâu,4,5,Số tự động,10,0
"Mazda 3 1.5 Luxury 2022, màu trắng giá 574tr còn thương lượng",2022,574 triệu,Lắp ráp trong nước,Đã qua sử dụng,39878,Trắng,5,5,Số tự động,0,
 ô tô Ford Everest Titanium 2.0L 4x2 AT ,2020,890 triệu,Nhập khẩu,Đã qua sử dụng,33000,0,5,7,Số tự động,0,
"Cần bán Honda City L sản xuất 2022, màu đen, giá chỉ 485 triệu",2022,485 triệu,Trong nước,Đã qua sử dụng,34302,Đen,5,5,Số tự động,0,
"VinFast Fadil Tiêu Chuẩn 2020, full option 100 triệu",2020,329 triệu,Lắp ráp trong nước,Đã qua sử dụng,46000,0,5,5,Số tự động,0,
 ô tô Rolls,2012,15.9 tỉ,Nhập khẩu,Đã qua sử dụng,16000,Đen,4,4,Số tự động,5,Xăng
"Cần bán xe Ford Ranger năm 2021, nhập khẩu nguyên chiếc",2021,1.03 tỉ,Nhập khẩu,Đã qua sử dụng,37000,,0,0,,,
"Ranger số sàn 2018 , Odo 28.000km, giá 470 triệu",2018,470 triệu,Nhập khẩu,Đã qua sử dụng,28000,,0,0,,,
 ô tô Ford Everest Titanium 2.0L 4x2 AT ,2023,1.3 tỉ,Nhập khẩu,Đã qua sử dụng,14000,0,5,7,Số tự động,0,
" ô tô Kia Morning Xline sản xuất 2022, màu đỏ",2022,389 triệu,Trong nước,Đã qua sử dụng,20000,Đỏ,5,5,Số tự động,7,Xăng
" Kia Carnival Signature sản xuất 2022, màu trắng, giá 1.399tỉ",2022,1.399 tỉ,Trong nước,Đã qua sử dụng,39000,Trắng,5,7,Số tự động,5,Xăng
"Cần bán Lexus ES 250 năm 2021, màu đen, nhập khẩu",2021,2.25 tỉ,Nhập khẩu,Đã qua sử dụng,23000,Đen,4,5,Số tự động,5,Xăng
" ô tô Toyota Highlander Limited sản xuất 2020, màu bạc, xe nhập",2020,3.59 tỉ,Nhập khẩu,Đã qua sử dụng,31000,Bạc,5,6,Số tự động,5,Hybrid
"Cần bán Lexus LX 600 VIP sản xuất 2023, màu xám (ghi), nhập khẩu giá cạnh tranh",2023,9.8 tỉ,Nhập khẩu,Đã qua sử dụng,19000,Xám (ghi),5,4,Số tự động,5,Xăng
"Cần bán Porsche Macan năm sản xuất 2016, màu trắng, nhập khẩu",2016,1.69 tỉ,Nhập khẩu,Đã qua sử dụng,63000,Trắng,5,5,Số tự động,5,Xăng
"VinFast LUX A2.0 2.0 Plus 2020, màu đỏ giá cạnh tranh thị trường",2020,573 triệu,Lắp ráp trong nước,Đã qua sử dụng,34000,Đỏ,5,5,Số tự động,0,
Xpander 1.5 ECO nhập khẩu 2022 giá thương lượng mạnh,2022,546 triệu,Nhập khẩu,Đã qua sử dụng,52698,Đen,5,7,Số tự động,0,
 ô tô Ford Everest Titanium 2.0L 4x4 AT ,2019,935 triệu,Nhập khẩu,Đã qua sử dụng,55000,0,5,7,Số tự động,0,
 Mercedes,2013,719 triệu,Trong nước,Đã qua sử dụng,80000,Đen,4,5,Số tự động,5,Xăng
Kia K3 Luxury 2022 giá tốt thị trường thương lượng mạnh,2022,553 triệu,Lắp ráp trong nước,Đã qua sử dụng,28000,Đỏ,5,5,Số tự động,0,
"Hyundai Elantra 2.0 AT 2020 Trắng, 521tr còn thương lượng mạnh",2020,521 triệu,Trong nước,Đã qua sử dụng,46576,Trắng,5,5,Số tự động,0,
"Vinfast Fadil 2022 chỉ 20,000km xe zin đẹp như mới",2022,344 triệu,Lắp ráp trong nước,Đã qua sử dụng,20000,Trắng,5,5,Số tự động,0,
"Kona 2.0 Tiêu Chuẩn 2021, odoo 23.000 giá chỉ 523tr thương lượng mạnh",2021,523 triệu,Lắp ráp trong nước,Đã qua sử dụng,23000,Trắng,5,5,Số tự động,0,
"Cần bán Hyundai Santa Fe Premium sản xuất 2021, màu vàng giá cạnh tranh",2021,1.06 tỉ,Trong nước,Đã qua sử dụng,50000,Vàng,5,7,Số tự động,5,Xăng
"Cần bán xe Lexus ES 350 năm sản xuất 2015, màu đen, nhập khẩu, giá tốt",2015,1.15 tỉ,Nhập khẩu,Đã qua sử dụng,72000,Đen,5,5,Số tự động,5,Xăng
 xe Ranger XLS số sàn 1 cầu có nắp thùng cao  ,2019,485 triệu,Nhập khẩu,Đã qua sử dụng,65000,,0,Đỏ,Số tay,,
" Toyota Land Cruiser LC300 năm sản xuất 2023, màu đen, xe nhập, 5.15tỉ",2023,5.15 tỉ,Nhập khẩu,Đã qua sử dụng,13000,Đen,5,7,Số tự động,5,Xăng
Mua nhanh bán lẹ   Ranger XLS 1 cầu số tự động 2016 .450tr,2016,450 triệu,Nhập khẩu,Đã qua sử dụng,166682,,0,Đỏ,,,
" xe Lexus ES 250 năm sản xuất 2015, màu trắng, nhập khẩu nguyên chiếc",2015,1.199 tỉ,Nhập khẩu,Đã qua sử dụng,58000,Trắng,5,5,Số tự động,5,Xăng
 xe Everest Titanium siêu lướt 4x2 sx 2023 Odo 14.000km siêu lướt Còn bảo hành hãng tháng 4/2026 Giá 1.290.000.000,2023,1.29 tỉ,Nhập khẩu,Đã qua sử dụng,14000,,0,0,Số tự động,,
"Cần bán Porsche Cayenne sản xuất năm 2020, màu trắng, nhập khẩu, giá 4.279tỉ",2020,4.279 tỉ,Nhập khẩu,Đã qua sử dụng,35000,Trắng,5,5,Số tự động,5,Xăng
Raptor 2020 ko niên hạn;  Odo 32.000km Giá bán : 985 triệu,2020,985 triệu,Nhập khẩu,Đã qua sử dụng,32000,Diesel,0,Đen,,,
"Cần bán Ford EcoSport titanium năm sản xuất 2020,  xe đẹp mới, xe nhập",2020,535 triệu,Nhập khẩu,Đã qua sử dụng,7000,,0,Đỏ,Số tự động,,
" xe Everest titanium 1 cầu 2018 Màu đen odo 102.000 km Camera 360, mâm lốp everest titanium nextgen Giá: 800 tr",2018,800 triệu,Nhập khẩu,Đã qua sử dụng,102000,,0,Đỏ,Số tự động,,
" xe Ford Everest sản xuất 2014, màu vàng ghi, xe nhập, 445tr",2014,445 triệu,Nhập khẩu,Đã qua sử dụng,144000,,0,Ghi,,,
" ô tô Ford Everest Titanium 4x4 2022 ODO 27.000km Chất xe zin toàn xe, Sẵn sàng giao ngay ạ",2022,1.085 tỉ,Nhập khẩu,Đã qua sử dụng,27000,,0,0,Số tự động,,
RANGER WILDTRACK 4X4 2019 Nhập Thái Lan . Odo: 90.100.km  xe đẹp bao chất,2019,630 triệu,Nhập khẩu,Đã qua sử dụng,90100,,0,Đỏ,Số tự động,,
" Ford Ranger năm sản xuất 2020, màu ghi, nhập khẩu nguyên chiếc, giá tốt",2020,665 triệu,Nhập khẩu,Đã qua sử dụng,19000,Diesel,0,Đỏ,Số tự động,,
Khủng Long cập bến  RAPTOR 2019 Nhập Thái Lan  Odo: 49.100km siêu lướt,2019,935 triệu,Nhập khẩu,Đã qua sử dụng,49100,,0,Đỏ,Số tự động,,
"Cần bán Audi Q5 năm 2018, màu đen, nhập khẩu",2018,1.279 tỉ,Nhập khẩu,Đã qua sử dụng,38000,Đen,5,5,Số tự động,5,Xăng
 Jaguar F,2017,1.55 tỉ,Nhập khẩu,Đã qua sử dụng,13000,Đen,5,5,Số tự động,7,Xăng
"Suzuki XL7 AT 2022, 49.000km giá tốt thị trường",2022,515 triệu,Nhập khẩu,Đã qua sử dụng,49000,0,5,5,Số tự động,0,
Hãng bán Ranger Wildtrak Biturbo 2023 Next Gen lướt BH toàn quốc,2023,889 triệu,Trong nước,Mới,15,12,4,5,Số tự động,10,Diesel
 Mercedes,2020,2.299 tỉ,Nhập khẩu,Đã qua sử dụng,59000,Xanh lam,5,7,Số tự động,5,Xăng
Ranger wildtrak biturbo 2020 ,2020,718 triệu,Nhập khẩu,Đã qua sử dụng,53000,,0,Đỏ,,,
" xe siêu lướt Ford Ranger Wildtrack 2 cầu sx  2023  Odo 15.000Km Phụ kiện: full Chất xe zin toàn xe, Sẵn sàng giao ngay ạ",2023,895 triệu,Trong nước,Đã qua sử dụng,15000,,0,Trắng,Số tự động,,
 ô tô Toyota Hilux 2.8L 4x4 AT ,2020,835 triệu,Nhập khẩu,Đã qua sử dụng,28000,Đỏ,4,5,Số tự động,0,
"Ford Ranger XLS AT sx 2020 Odo 36.000km xem xe chỉ có rớt tiền nhận xe ạ Phụ kiện: Nắp thùng cuộn, Phim cách nhiệt, ghế da Giá  : 565tr",2020,565 triệu,Nhập khẩu,Đã qua sử dụng,36000,,0,Đỏ,,,
 ô tô Ford Ranger Wildtrak 3.2L 4x4 AT ,2016,555 triệu,Nhập khẩu,Đã qua sử dụng,76000,Cam,4,5,Số tự động,0,
 ô tô Ford Ranger Wildtrak 2.0L 4x4 AT ,2022,860 triệu,Lắp ráp trong nước,Đã qua sử dụng,0,Đen,4,5,Số tự động,0,
 ô tô Mazda BT50 1.9L 4x2 AT ,2021,550 triệu,Nhập khẩu,Đã qua sử dụng,40000,Trắng,4,5,Số tự động,0,
 ô tô Kia Cerato 1.6 AT ,2017,395 triệu,Lắp ráp trong nước,Đã qua sử dụng,80000,Vàng,4,5,Số tự động,0,
 ô tô Kia Sedona 2.2 DAT Luxury ,2021,969 triệu,Lắp ráp trong nước,Đã qua sử dụng,50000,Trắng,5,7,Số tự động,0,
 ô tô Toyota Fortuner TRD Sportivo 4x2 AT ,2016,570 triệu,Lắp ráp trong nước,Đã qua sử dụng,97000,Trắng,5,7,Số tự động,0,
 ô tô Kia Carnival Signature 2.2D ,2023,1.419 tỉ,Lắp ráp trong nước,Mới,0,Trắng,5,7,Số tự động,0,
 ô tô Toyota Vios 1.5G ,2018,415 triệu,Lắp ráp trong nước,Đã qua sử dụng,79000,Đen,4,5,Số tự động,0,
 ô tô Hyundai Elantra 1.6 AT Tiêu chuẩn ,2023,539 triệu,Lắp ráp trong nước,Mới,0,Đen,4,5,Số tự động,0,
 ô tô Toyota Vios E CVT ,2023,435 triệu,Lắp ráp trong nước,Đã qua sử dụng,62000,Vàng,4,5,Số tự động,0,
 ô tô Hyundai i10 Grand 1.2 MT ,2019,295 triệu,Lắp ráp trong nước,Đã qua sử dụng,50000,Trắng,5,5,Số tay,0,
Siêu lướt Ranger Raptor 2024 Odo 9.500km Giá 1.275 triệu,2024,1.275 tỉ,Nhập khẩu,Mới,9500,,0,Đỏ,,,
 ô tô Ford Transit SVP ,2018,515 triệu,Lắp ráp trong nước,Đã qua sử dụng,0,Bạc,4,16,Số tay,0,
 ô tô Ford Ranger XLS 2.0L 4x2 MT ,2022,610 triệu,Lắp ráp trong nước,Đã qua sử dụng,37000,Đỏ,4,5,Số tay,0,
 ô tô Kia Carnival Premium 2.2D ,2021,1.099 tỉ,Lắp ráp trong nước,Đã qua sử dụng,40000,Đỏ,5,8,Số tự động,0,
 ô tô Lexus LX 570 ,2019,6.65 tỉ,Nhập khẩu,Đã qua sử dụng,80000,Đen,5,7,Số tự động,0,
 ô tô Porsche Macan 2.0 ,2022,3.3 tỉ,Nhập khẩu,Đã qua sử dụng,15000,Trắng,5,5,Số tự động,0,
 ô tô Toyota Camry 2.5Q ,2017,699 triệu,Lắp ráp trong nước,Đã qua sử dụng,52000,Đen,4,5,Số tự động,0,
 ô tô Hyundai Kona 2.0 ATH ,2019,520 triệu,Lắp ráp trong nước,Đã qua sử dụng,50000,Đỏ,5,5,Số tự động,0,
 ô tô Toyota Vios G 1.5 CVT ,2022,499 triệu,Lắp ráp trong nước,Đã qua sử dụng,68000,Trắng,4,5,Số tự động,0,
 ô tô Toyota Camry 2.5Q ,2020,950 triệu,Nhập khẩu,Đã qua sử dụng,31000,Trắng,4,5,Số tự động,0,
 ô tô Kia K3 2.0 AT ,2015,375 triệu,Lắp ráp trong nước,Đã qua sử dụng,70706,Cát,4,5,Số tự động,0,
 ô tô Toyota Camry 2.5Q ,2018,750 triệu,Lắp ráp trong nước,Đã qua sử dụng,63000,Bạc,4,5,Số tự động,0,
 ô tô Toyota Fortuner 2.5G ,2016,560 triệu,Lắp ráp trong nước,Đã qua sử dụng,120,Trắng,5,7,Số tay,0,
 ô tô Mercedes Benz GLS 450 4Matic ,2021,4.379 tỉ,Nhập khẩu,Đã qua sử dụng,36000,Đen,5,7,Số tự động,0,
 ô tô Daewoo Lacetti CDX 1.6 AT ,2009,169 triệu,Nhập khẩu,Đã qua sử dụng,146000,Bạc,4,5,Số tự động,0,
 ô tô BMW 2 Series 218i Active Tourer ,2016,465 triệu,Nhập khẩu,Đã qua sử dụng,80000,Trắng,5,5,Số tự động,0,
 ô tô Lexus RX 350 ,2010,899 triệu,Nhập khẩu,Đã qua sử dụng,0,Đen,5,5,Số tự động,0,
 ô tô Toyota Vios 1.5E ,2014,285 triệu,Lắp ráp trong nước,Đã qua sử dụng,6,Đen,4,5,Số tay,0,
 ô tô Hyundai Genesis 3.3 ,2012,680 triệu,Nhập khẩu,Đã qua sử dụng,0,0,RFD -  cầu sau,5,Số tự động,0,
 ô tô Kia Forte SLi 1.6 AT ,2009,255 triệu,Nhập khẩu,Đã qua sử dụng,0,Đen,4,5,Số tự động,0,
 ô tô Hyundai Accent 1.4 AT ,2021,429 triệu,Lắp ráp trong nước,Đã qua sử dụng,10000,Đen,4,5,Số tự động,0,
 ô tô Toyota Fortuner 2.4G 4x2 AT ,2020,915 triệu,Lắp ráp trong nước,Đã qua sử dụng,25000,Đen,5,7,Số tự động,0,
 ô tô Hyundai Accent 1.4 AT Đặc Biệt ,2021,458 triệu,Lắp ráp trong nước,Đã qua sử dụng,32000,Đỏ,4,5,Số tự động,0,
 ô tô Mercedes Benz S class S450 4Matic ,2022,4.499 tỉ,Nhập khẩu,Đã qua sử dụng,11000,Xanh,4,5,Số tự động,0,
 ô tô Ford Mustang 2.3 EcoBoost Fastback ,2019,1.98 tỉ,Nhập khẩu,Đã qua sử dụng,20000,Xanh,2,4,Số tự động,0,
 ô tô Hyundai Elantra 1.6 AT ,2016,386 triệu,Lắp ráp trong nước,Đã qua sử dụng,88000,Đen,4,5,Số tự động,0,
 ô tô Porsche Cayenne Coupe ,2020,4.699 tỉ,Nhập khẩu,Đã qua sử dụng,26999,Xanh,5,5,Số tự động,0,
 ô tô Kia Sedona 3.3L GATH ,2015,550 triệu,Nhập khẩu,Đã qua sử dụng,120000,Nâu,5,7,Số tự động,0,
 ô tô Honda City 1.5 AT ,2014,318 triệu,Lắp ráp trong nước,Đã qua sử dụng,86000,Trắng,4,5,Số tự động,0,
 ô tô BMW X5 xDrive35i ,2012,720 triệu,Nhập khẩu,Đã qua sử dụng,78000,Xám,5,7,Số tự động,0,
 ô tô Toyota Fortuner 2.7V 4x2 AT ,2014,425 triệu,Lắp ráp trong nước,Đã qua sử dụng,0,Trắng,5,7,Số tự động,0,
 ô tô Peugeot 5008 1.6 AT ,2018,675 triệu,Lắp ráp trong nước,Đã qua sử dụng,38000,Xanh,5,7,Số tự động,0,
 ô tô Kia Sportage GT Line ,2015,575 triệu,Nhập khẩu,Đã qua sử dụng,100001,Đỏ,5,5,Số tự động,0,
 ô tô Peugeot 3008 1.6 AT ,2019,670 triệu,Lắp ráp trong nước,Đã qua sử dụng,59000,Trắng,5,5,Số tự động,0,
 ô tô Ford Explorer Limited 2.3L EcoBoost ,2022,1.968 tỉ,Nhập khẩu,Đã qua sử dụng,38000,Trắng,5,7,Số tự động,0,
 ô tô Ford Explorer Limited 2.3L EcoBoost ,2018,1.16 tỉ,Nhập khẩu,Đã qua sử dụng,49000,Trắng,5,7,Số tự động,0,
 ô tô Mercedes Benz E class ,2004,168 triệu,Lắp ráp trong nước,Đã qua sử dụng,140000,0,FWD -  cầu trước,5,Số tự động,0,
 ô tô Chevrolet Cruze LT 1.6 MT ,2016,260 triệu,Lắp ráp trong nước,Đã qua sử dụng,70000,Đen,4,5,Số tay,0,
 ô tô Toyota Vios 1.5G ,2020,465 triệu,Lắp ráp trong nước,Đã qua sử dụng,79000,Vàng,4,5,Số tự động,0,
 ô tô Nissan X trail 2.5 SV 4WD ,2016,505 triệu,Lắp ráp trong nước,Đã qua sử dụng,47000,Đen,5,7,Số tự động,0,
 ô tô Chevrolet Aveo LTZ 1.5 AT ,2016,228 triệu,Lắp ráp trong nước,Đã qua sử dụng,47000,Đen,4,5,Số tự động,0,
 ô tô Honda CRV L ,2020,820 triệu,Lắp ráp trong nước,Đã qua sử dụng,42000,Bạc,5,7,Số tự động,0,
 ô tô Peugeot 3008 1.6 AT ,2018,630 triệu,Lắp ráp trong nước,Đã qua sử dụng,48000,Nâu,5,5,Số tự động,0,
 ô tô Mazda BT50 2.2L 4x2 ATH ,2018,425 triệu,Nhập khẩu,Đã qua sử dụng,0,Trắng,4,5,Số tự động,0,
 ô tô Lexus LS 500 ,2018,4.5 tỉ,Nhập khẩu,Đã qua sử dụng,50000,Xanh,4,5,Số tự động,0,
 ô tô Mercedes Benz GLC 300 4Matic ,2019,1.385 tỉ,Lắp ráp trong nước,Đã qua sử dụng,30000,Trắng,5,5,Số tự động,0,
 xe Hyundai Tucson 2.0 ATH 2020,2020,735 triệu,Trong nước,Đã qua sử dụng,28000,0,5,5,Số tự động,0,
 ô tô BMW X4 xDrive20i ,2017,1.299 tỉ,Nhập khẩu,Đã qua sử dụng,40000,Trắng,5,5,Số tự động,0,
 ô tô Toyota Camry 2.0E ,2018,655 triệu,Lắp ráp trong nước,Đã qua sử dụng,78000,Vàng,4,5,Số tự động,0,
 ô tô Ford Transit Tiêu chuẩn ,2023,789 triệu,Lắp ráp trong nước,Mới,0,Bạc,4,16,Số tay,0,
 ô tô Toyota Camry 2.5Q ,2013,495 triệu,Lắp ráp trong nước,Đã qua sử dụng,120000,Đen,4,5,Số tự động,0,
 ô tô Mitsubishi Attrage 1.2 CVT ,2023,457 triệu,Nhập khẩu,Mới,0,Trắng,4,5,Số tự động,0,
 ô tô Hyundai i10 1.2 AT ,2022,392 triệu,Lắp ráp trong nước,Đã qua sử dụng,10000,Đỏ,5,5,Số tự động,0,
 ô tô Toyota Fortuner 2.4G 4x2 MT ,2017,675 triệu,Nhập khẩu,Đã qua sử dụng,75000,Bạc,5,7,Số tay,0,
 ô tô Hyundai Accent 1.4 AT ,2023,465 triệu,Lắp ráp trong nước,Đã qua sử dụng,16140,Vàng,4,5,Số tự động,0,
 ô tô Kia Pride CD5 ,2002,75 triệu,Lắp ráp trong nước,Đã qua sử dụng,14000,Xanh,5,5,Số tay,0,
 ô tô Honda Brio RS ,2020,385 triệu,Nhập khẩu,Đã qua sử dụng,33000,Cam,5,5,Số tự động,0,
 ô tô Toyota Vios E CVT ,2023,495 triệu,Lắp ráp trong nước,Đã qua sử dụng,24000,Trắng,4,5,Số tự động,0,
 ô tô Mazda BT50 Deluxe 2.2L 4x2 AT ,2021,560 triệu,Nhập khẩu,Đã qua sử dụng,35000,Xanh,4,5,Số tự động,0,
 ô tô Ford Escape XLS 2.3L 4x2 AT ,2010,265 triệu,Lắp ráp trong nước,Đã qua sử dụng,110000,Bạc,5,5,Số tự động,0,
 ô tô Lexus GX 550 ,2023,5.97 tỉ,Nhập khẩu,Mới,0,Xám,5,7,Số tự động,0,
 ô tô BMW 1 Series 116i ,2013,399 triệu,Nhập khẩu,Đã qua sử dụng,72000,Xanh,5,5,Số tự động,0,
 ô tô Lexus RX 300 ,2021,2.85 tỉ,Nhập khẩu,Đã qua sử dụng,20000,Đỏ,5,5,Số tự động,0,
 ô tô Kia Cerato 2.0 AT Premium ,2021,559 triệu,Lắp ráp trong nước,Đã qua sử dụng,50000,Đỏ,4,5,Số tự động,0,
 ô tô Ford EcoSport Titanium 1.5L AT ,2016,336 triệu,Lắp ráp trong nước,Đã qua sử dụng,60000,Bạc,5,5,Số tự động,0,
 ô tô Suzuki Swift GLX 1.2 AT ,2019,448 triệu,Nhập khẩu,Đã qua sử dụng,28000,Trắng,5,5,Số tự động,0,
 ô tô Mazda 2 Sport Premium ,2020,455 triệu,Nhập khẩu,Đã qua sử dụng,9000,Trắng,5,5,Số tự động,0,
 ô tô Ford Everest Titanium 2.0L 4x2 AT ,2022,1.02 tỉ,Nhập khẩu,Đã qua sử dụng,0,Trắng,5,7,Số tự động,0,
 ô tô Mazda BT50 1.9L 4x2 AT ,2021,555 triệu,Nhập khẩu,Đã qua sử dụng,40000,Trắng,4,5,Số tự động,0,
 ô tô Mazda 2 Luxury ,2019,395 triệu,Nhập khẩu,Đã qua sử dụng,37000,Trắng,4,5,Số tự động,0,
 ô tô Chevrolet Orlando LTZ 1.8 AT ,2016,345 triệu,Lắp ráp trong nước,Đã qua sử dụng,70000,Xám,5,7,Số tự động,0,
 ô tô Toyota Camry 2.5Q ,2020,950 triệu,Nhập khẩu,Đã qua sử dụng,50000,Trắng,4,5,Số tự động,0,
 ô tô Toyota Fortuner 2.4G 4x2 AT ,2020,918 triệu,Lắp ráp trong nước,Đã qua sử dụng,43000,Đen,5,7,Số tự động,0,
 ô tô Mercedes Benz GLC 300 4Matic ,2020,1.69 tỉ,Lắp ráp trong nước,Đã qua sử dụng,48000,Đen,5,5,Số tự động,0,
 ô tô Audi A6 1.8 TFSI ,2015,890 triệu,Nhập khẩu,Đã qua sử dụng,30000,Trắng,4,5,Số tự động,0,
 ô tô Mercedes Benz GLC 200 ,2019,1.15 tỉ,Lắp ráp trong nước,Đã qua sử dụng,29000,Đen,5,5,Số tự động,0,
 ô tô Mazda 6 2.0L Premium ,2017,520 triệu,Lắp ráp trong nước,Đã qua sử dụng,47000,Xanh,4,5,Số tự động,0,
 ô tô Mitsubishi Pajero Sport 2.4D 4x4 AT ,2021,1.02 tỉ,Nhập khẩu,Đã qua sử dụng,0,Trắng,5,7,Số tự động,0,
 ô tô Mercedes Benz E class E200 Exclusive ,2022,1.919 tỉ,Lắp ráp trong nước,Đã qua sử dụng,15000,Trắng,4,5,Số tự động,0,
 ô tô Porsche Cayenne 3.6 V6 ,2014,1.59 tỉ,Nhập khẩu,Đã qua sử dụng,50000,Trắng,5,5,Số tự động,0,
 ô tô Daewoo Matiz SE 0.8 MT ,2008,42 triệu,Lắp ráp trong nước,Đã qua sử dụng,1000,Trắng,5,5,Số tay,0,
 ô tô Mercedes Benz C class C200 Avantgarde Plus ,2023,1.49 tỉ,Lắp ráp trong nước,Đã qua sử dụng,0,Đen,4,5,Số tự động,0,
 ô tô Ford Fiesta Titanium 1.5 AT ,2016,299 triệu,Lắp ráp trong nước,Đã qua sử dụng,93000,Xanh,4,5,Số tự động,0,
 ô tô Porsche Panamera 3.6 V6 ,2014,1.62 tỉ,Nhập khẩu,Đã qua sử dụng,0,Trắng,4,4,Số tự động,0,
 ô tô Toyota Vios 1.5G ,2014,350 triệu,Lắp ráp trong nước,Đã qua sử dụng,62000,Cát,4,5,Số tự động,0,
 ô tô Kia Picanto S 1.25 AT ,2013,238 triệu,Lắp ráp trong nước,Đã qua sử dụng,96000,Đỏ,5,5,Số tự động,0,
 ô tô Mercedes Benz GLK Class GLK300 4Matic ,2013,560 triệu,Lắp ráp trong nước,Đã qua sử dụng,800000,Đen,5,5,Số tự động,0,
 ô tô Toyota Hilux 2.8L 4x4 AT ,2020,835 triệu,Nhập khẩu,Đã qua sử dụng,28000,Đỏ,4,5,Số tự động,0,
 ô tô Mitsubishi Xpander 1.5 MT ,2021,468 triệu,Nhập khẩu,Đã qua sử dụng,37000,-,5,7,Số tay,0,
 ô tô Chevrolet Cruze LT 1.6L ,2017,265 triệu,Lắp ráp trong nước,Đã qua sử dụng,6800,-,4,5,Số tay,0,
 ô tô Ford Ranger XLS 2.2L 4x2 MT ,2020,458 triệu,Nhập khẩu,Đã qua sử dụng,60000,Đen,4,5,Số tay,0,
 ô tô Mercedes Benz E class E250 AMG ,2015,689 triệu,Lắp ráp trong nước,Đã qua sử dụng,110000,Đen,4,5,Số tự động,0,
 ô tô Mitsubishi Xpander 1.5 MT ,2021,470 triệu,Nhập khẩu,Đã qua sử dụng,38000,Trắng,5,7,Số tay,0,
 ô tô Kia Forte SX 1.6 AT ,2011,266 triệu,Lắp ráp trong nước,Đã qua sử dụng,12345,Đen,4,5,Số tự động,0,
 ô tô Chevrolet Cruze LTZ 1.8L ,2017,325 triệu,Lắp ráp trong nước,Đã qua sử dụng,80000,Trắng,4,5,Số tự động,0,
 ô tô Ford Everest 2.5L 4x2 MT ,2014,398 triệu,Lắp ráp trong nước,Đã qua sử dụng,88000,Trắng,5,7,Số tay,0,
 ô tô Toyota Vios 1.5E ,2017,269 triệu,Lắp ráp trong nước,Đã qua sử dụng,80966,Cát,4,5,Số tay,0,
 ô tô Kia Rio EX 1.4 AT ,2009,205 triệu,Nhập khẩu,Đã qua sử dụng,138000,Bạc,4,5,Số tự động,0,
" ô tô Isuzu QKR 3,5 tấn ",2021,404 triệu,Nhập khẩu,Đã qua sử dụng,60000,Trắng,2,3,Số tay,0,
 ô tô Ford Focus Titanium 2.0 AT ,2014,336 triệu,Lắp ráp trong nước,Đã qua sử dụng,65000,Bạc,4,5,Số tự động,0,
 ô tô Kia Sedona 2.2 DAT Luxury ,2019,846 triệu,Lắp ráp trong nước,Đã qua sử dụng,80000,Trắng,5,7,Số tự động,0,
 ô tô Daewoo Matiz SE 0.8 MT ,2006,35 triệu,Nhập khẩu,Đã qua sử dụng,100000,Bạc,5,5,Số tay,0,
 ô tô Hyundai Accent 1.4 ATH ,2020,446 triệu,Lắp ráp trong nước,Đã qua sử dụng,50000,-,4,5,Số tự động,0,
 ô tô Peugeot 3008 Active 1.6 AT ,2020,695 triệu,Lắp ráp trong nước,Đã qua sử dụng,19000,Nâu,5,5,Số tự động,0,
 ô tô Kia Sorento 2.2 DAT Premium ,2020,690 triệu,Lắp ráp trong nước,Đã qua sử dụng,0,Trắng,5,7,Số tự động,0,
 ô tô Toyota Hilux 2.4L 4x2 AT ,2021,685 triệu,Nhập khẩu,Đã qua sử dụng,39000,Đen,4,5,Số tự động,0,
 ô tô Ford Ranger Wildtrak 2.0L 4x4 AT ,2021,760 triệu,Nhập khẩu,Đã qua sử dụng,58000,Cam,4,5,Số tự động,0,
 ô tô Audi A6 2.0T ,2010,299 triệu,Nhập khẩu,Đã qua sử dụng,0,Xanh,4,5,Số tự động,0,
 ô tô Ford Ranger XLS 2.2L 4x2 AT ,2021,575 triệu,Nhập khẩu,Đã qua sử dụng,47000,Xanh,4,5,Số tự động,0,
 ô tô Chevrolet Vivant SE ,2009,98 triệu,Lắp ráp trong nước,Đã qua sử dụng,0,Đen,5,7,Số tay,0,
 ô tô Honda Civic 1.8 AT ,2008,216 triệu,Lắp ráp trong nước,Đã qua sử dụng,170000,Đen,4,5,Số tự động,0,
 ô tô Toyota Fortuner 2.7V 4x4 AT ,2020,865 triệu,Nhập khẩu,Đã qua sử dụng,50000,Trắng,5,7,Số tự động,0,
 ô tô Mercedes Benz C class C300 AMG ,2019,1.199 tỉ,Lắp ráp trong nước,Đã qua sử dụng,49000,Trắng,4,5,Số tự động,0,
 ô tô Lexus RX 350 Premium ,2023,3.43 tỉ,Nhập khẩu,Mới,0,Đen,5,5,Số tự động,0,
 ô tô Lexus LX 570 ,2015,3.45 tỉ,Nhập khẩu,Đã qua sử dụng,150000,-,5,7,Số tự động,0,
 ô tô Chevrolet Cruze LT 1.6L ,2017,262 triệu,Lắp ráp trong nước,Đã qua sử dụng,103000,Trắng,4,5,Số tay,0,
 ô tô Mercedes Benz C class C300 AMG ,2018,979 triệu,Lắp ráp trong nước,Đã qua sử dụng,59200,Đỏ,4,5,Số tự động,0,
 ô tô Nissan Navara EL 2.5AT 2WD ,2016,369 triệu,Nhập khẩu,Đã qua sử dụng,72000,Bạc,4,5,Số tự động,0,
 ô tô Ford Escape XLS 2.3L 4x2 AT ,2013,330 triệu,Lắp ráp trong nước,Đã qua sử dụng,91000,Đen,5,5,Số tự động,0,
 ô tô Ford Escape XLS 2.3L 4x2 AT ,2013,328 triệu,Lắp ráp trong nước,Đã qua sử dụng,78000,Cát,5,5,Số tự động,0,
 ô tô Kia K3 Luxury 1.6 AT ,2023,620 triệu,Lắp ráp trong nước,Đã qua sử dụng,7000,Trắng,4,5,Số tự động,0,
 ô tô Toyota Corolla altis 2.0V ,2015,490 triệu,Lắp ráp trong nước,Đã qua sử dụng,82853,Nâu,4,5,Số tự động,0,
 ô tô Toyota Fortuner 2.4L 4x2 AT ,2022,990 triệu,Lắp ráp trong nước,Đã qua sử dụng,86000,Bạc,5,7,Số tự động,0,
 ô tô Ford EcoSport Titanium 1.5 AT ,2021,519 triệu,Lắp ráp trong nước,Đã qua sử dụng,9600,Đen,5,5,Số tự động,0,
 ô tô Toyota Vios E 1.5 MT ,2021,395 triệu,Lắp ráp trong nước,Đã qua sử dụng,51000,Cát,4,5,Số tay,0,
 ô tô Porsche Panamera ,2022,4.35 tỉ,Nhập khẩu,Đã qua sử dụng,8000,0,-,5,Số tự động,0,
 ô tô Audi Q5 3.2 AT ,2009,425 triệu,Nhập khẩu,Đã qua sử dụng,0,Trắng,5,5,Số tự động,0,
 ô tô Lexus RX 300 ,2020,2.868 tỉ,Nhập khẩu,Đã qua sử dụng,30000,Xanh,5,5,Số tự động,0,
 ô tô Hyundai Accent 1.4 AT ,2022,450 triệu,Lắp ráp trong nước,Đã qua sử dụng,22000,Nâu,4,5,Số tự động,0,
 ô tô Honda City 1.5 AT ,2014,319 triệu,Lắp ráp trong nước,Đã qua sử dụng,98000,Trắng,4,5,Số tự động,0,
 ô tô Audi Q7 3.6 AT ,2006,295 triệu,Nhập khẩu,Đã qua sử dụng,0,Bạc,5,7,Số tự động,0,
 ô tô Kia Sedona 3.3L GATH ,2016,595 triệu,Lắp ráp trong nước,Đã qua sử dụng,80000,Trắng,5,7,Số tự động,0,
 ô tô Hyundai Accent 1.4 AT ,2019,410 triệu,Lắp ráp trong nước,Đã qua sử dụng,30000,Trắng,4,5,Số tự động,0,
 ô tô Porsche Panamera ,2022,5.4 tỉ,Nhập khẩu,Đã qua sử dụng,10000,0,-,4,Số tự động,0,
 ô tô Ford Ranger XLS 2.2L 4x2 MT ,2020,479 triệu,Nhập khẩu,Đã qua sử dụng,58000,Trắng,4,5,Số tay,0,
 ô tô Lexus LS 400 ,2000,93 triệu,Nhập khẩu,Đã qua sử dụng,110000,Xanh,4,5,Số tự động,0,
 ô tô Toyota Vios 1.5E ,2015,245 triệu,Lắp ráp trong nước,Đã qua sử dụng,88000,Đen,4,5,Số tay,0,
 ô tô Ford EcoSport Titanium 1.5L AT ,2018,445 triệu,Lắp ráp trong nước,Đã qua sử dụng,42000,Trắng,5,5,Số tự động,0,
 ô tô Kia Sedona 2.2L DATH ,2017,688 triệu,Lắp ráp trong nước,Đã qua sử dụng,68000,-,5,7,Số tự động,0,
 ô tô Kia Cerato 1.6 AT ,2017,420 triệu,Lắp ráp trong nước,Đã qua sử dụng,70000,Trắng,4,5,Số tự động,0,
 ô tô Ford EcoSport Titanium 1.5L AT ,2016,330 triệu,Lắp ráp trong nước,Đã qua sử dụng,60000,Đỏ,5,5,Số tự động,0,
 ô tô Chevrolet Trailblazer LT 2.5L VGT 4x2 AT ,2018,528 triệu,Nhập khẩu,Đã qua sử dụng,83000,-,5,7,Số tự động,0,
 ô tô Mazda 6 Premium 2.0 AT ,2022,779 triệu,Lắp ráp trong nước,Đã qua sử dụng,20000,Trắng,4,5,Số tự động,0,
 ô tô Toyota Vios 1.5E CVT ,2016,358 triệu,Lắp ráp trong nước,Đã qua sử dụng,66000,Đen,4,5,Số tự động,0,
 ô tô Honda CRV L ,2023,1.1 tỉ,Lắp ráp trong nước,Đã qua sử dụng,1100,Trắng,5,7,Số tự động,0,
 ô tô Hyundai i10 Grand 1.2 AT ,2019,308 triệu,Lắp ráp trong nước,Đã qua sử dụng,80000,Bạc,4,5,Số tự động,0,
 ô tô Ford Everest Titanium 2.0L 4x2 AT ,2021,958 triệu,Nhập khẩu,Đã qua sử dụng,45000,Cát,5,7,Số tự động,0,
 ô tô Mazda 3 1.5L Luxury ,2019,495 triệu,Lắp ráp trong nước,Đã qua sử dụng,47000,Trắng,4,5,Số tự động,0,
 ô tô Peugeot 5008 1.6 AL ,2018,675 triệu,Lắp ráp trong nước,Đã qua sử dụng,38000,0,FWD -  cầu trước,7,Số tự động,0,
 ô tô Toyota Corolla altis 1.8G AT ,2016,488 triệu,Lắp ráp trong nước,Đã qua sử dụng,80000,Đen,4,5,Số tự động,0,
 ô tô Toyota Camry LE 2.4 ,2008,318 triệu,Nhập khẩu,Đã qua sử dụng,8000,Đen,4,5,Số tự động,0,
 ô tô Mazda 3 2.0 AT ,2018,489 triệu,Lắp ráp trong nước,Đã qua sử dụng,55000,Trắng,4,5,Số tự động,0,
 ô tô Kia Sorento DATH ,2017,610 triệu,Lắp ráp trong nước,Đã qua sử dụng,90000,Trắng,5,7,Số tự động,0,
 ô tô Honda Civic 1.8 AT ,2008,245 triệu,Lắp ráp trong nước,Đã qua sử dụng,12000,Xanh,4,5,Số tự động,0,
 ô tô Ford Everest Titanium 2.0L 4x2 AT ,2019,845 triệu,Nhập khẩu,Đã qua sử dụng,34000,Đen,5,7,Số tự động,0,
 ô tô Porsche Cayenne Coupe ,2020,4.699 tỉ,Nhập khẩu,Đã qua sử dụng,27000,Đen,5,5,Số tự động,0,
 ô tô Ford Focus Titanium 2.0 AT ,2014,336 triệu,Lắp ráp trong nước,Đã qua sử dụng,64000,Bạc,4,5,Số tự động,0,
 ô tô Kia Carens CRDi 2.0 AT ,2008,260 triệu,Nhập khẩu,Đã qua sử dụng,0,Đen,5,7,Số tự động,0,
 ô tô Kia K3 Premium 1.6 AT ,2021,565 triệu,Lắp ráp trong nước,Đã qua sử dụng,20000,Xanh,4,5,Số tự động,0,
 ô tô Mazda 2 1.5 AT ,2018,385 triệu,Lắp ráp trong nước,Đã qua sử dụng,62000,Đỏ,4,5,Số tự động,0,
 ô tô Lexus LX 570 ,2016,5.35 tỉ,Nhập khẩu,Đã qua sử dụng,70000,Vàng,5,7,Số tự động,0,
 ô tô Kia Carnival Signature 2.2D ,2023,1.468 tỉ,Lắp ráp trong nước,Đã qua sử dụng,3600,Trắng,5,7,Số tự động,0,
 ô tô Lexus LX 570 ,2015,3.39 tỉ,Nhập khẩu,Đã qua sử dụng,1600000,Trắng,5,7,Số tự động,0,
 ô tô Ford Focus Trend 1.5L ,2017,385 triệu,Lắp ráp trong nước,Đã qua sử dụng,0,Đỏ,4,5,Số tự động,0,
 ô tô Lexus LX 570 ,2012,2.4 tỉ,Nhập khẩu,Đã qua sử dụng,60000,Cát,5,7,Số tự động,0,
 ô tô Mercedes Benz GLC 300 4Matic ,2023,2.799 tỉ,Lắp ráp trong nước,Mới,0,Trắng,5,5,Số tự động,0,
 ô tô Toyota Fortuner 2.4L 4x2 MT ,2023,990 triệu,Lắp ráp trong nước,Đã qua sử dụng,4400,Đồng,5,7,Số tay,0,
 ô tô Toyota Camry LE 2.4 ,2007,290 triệu,Nhập khẩu,Đã qua sử dụng,0,Bạc,4,5,Số tự động,0,
 ô tô Mercedes Benz GLC 300 4Matic ,2021,1.939 tỉ,Lắp ráp trong nước,Đã qua sử dụng,33333,Trắng,5,5,Số tự động,0,
 ô tô Lexus RX 350 ,2019,2.75 tỉ,Nhập khẩu,Đã qua sử dụng,0,Đỏ,5,5,Số tự động,0,
 ô tô Mercedes Benz C class C300 AMG ,2011,359 triệu,Lắp ráp trong nước,Đã qua sử dụng,92000,Đen,4,5,Số tự động,0,
 ô tô Hyundai Accent 1.4 AT Đặc Biệt ,2022,468 triệu,Lắp ráp trong nước,Đã qua sử dụng,20000,Bạc,4,5,Số tự động,0,
 ô tô Hyundai Accent 1.4 AT Đặc Biệt ,2021,459 triệu,Lắp ráp trong nước,Đã qua sử dụng,29000,Cát,4,5,Số tự động,0,
 ô tô Daewoo Lacetti EX 1.6 MT ,2004,89 triệu,Lắp ráp trong nước,Đã qua sử dụng,120000,Bạc,4,5,Số tay,0,
 ô tô BMW X5 xDrive40i xLine ,2022,3.45 tỉ,Nhập khẩu,Đã qua sử dụng,5000,Trắng,5,7,Số tự động,0,
 ô tô Kia Rondo GAT Deluxe ,2019,415 triệu,Lắp ráp trong nước,Đã qua sử dụng,117000,Xanh,5,7,Số tự động,0,
 ô tô Mitsubishi Attrage 1.2 CVT ,2023,457 triệu,Nhập khẩu,Mới,0,Trắng,4,5,Số tự động,0,
 ô tô Toyota Hilux 2.4L 4x2 AT ,2021,655 triệu,Nhập khẩu,Đã qua sử dụng,35000,Đen,4,5,Số tự động,0,
 ô tô Peugeot 5008 1.6 AT ,2018,675 triệu,Lắp ráp trong nước,Đã qua sử dụng,38000,Xanh,5,7,Số tự động,0,
 ô tô Mercedes Benz ML Class ML350 ,2005,199 triệu,Nhập khẩu,Đã qua sử dụng,150000,Đen,5,5,Số tự động,0,
 ô tô Toyota Corolla altis 1.8G MT ,2007,240 triệu,Lắp ráp trong nước,Đã qua sử dụng,130000,Đen,4,5,Số tay,0,
 ô tô Toyota Vios 1.5E ,2016,279 triệu,Lắp ráp trong nước,Đã qua sử dụng,0,Bạc,4,5,Số tay,0,
 ô tô Kia Sedona 3.3L GATH ,2016,626 triệu,Lắp ráp trong nước,Đã qua sử dụng,47000,Đỏ,5,7,Số tự động,0,
 ô tô BMW 5 Series 530i M Sport ,2022,2.566 tỉ,Nhập khẩu,Đã qua sử dụng,13000,Trắng,4,5,Số tự động,0,
 ô tô Ford EcoSport Titanium 1.5L AT ,2020,478 triệu,Lắp ráp trong nước,Đã qua sử dụng,35000,Cam,5,5,Số tự động,0,
 ô tô Mercedes Benz C class C300 AMG ,2023,1.911 tỉ,Lắp ráp trong nước,Mới,0,Trắng,4,5,Số tự động,0,
 ô tô Chevrolet Cruze LS 1.6 MT ,2015,250 triệu,Lắp ráp trong nước,Đã qua sử dụng,1400000,Đen,4,5,Số tay,0,
 ô tô Lexus LX 570 ,2019,6.45 tỉ,Nhập khẩu,Đã qua sử dụng,9000,Vàng,5,7,Số tự động,0,
 ô tô Lexus RX 300 F Sport ,2022,3.189 tỉ,Nhập khẩu,Đã qua sử dụng,20000,Trắng,5,5,Số tự động,0,
 ô tô Peugeot 3008 GT ,2022,899 triệu,Lắp ráp trong nước,Đã qua sử dụng,26000,Đỏ,5,5,Số tự động,0,
 ô tô BMW 3 Series 320i ,2015,620 triệu,Nhập khẩu,Đã qua sử dụng,40000,Trắng,4,5,Số tự động,0,
 ô tô Mercedes Benz GLE Class GLE 400 4Matic Coupe ,2015,1.95 tỉ,Nhập khẩu,Đã qua sử dụng,8000,Đen,4,5,Số tự động,0,
 ô tô Honda CRV EX,2013,485 triệu,Nhập khẩu,Đã qua sử dụng,0,Nâu,5,5,Số tự động,0,
 ô tô Ford Everest Trend 2.0L 4x2 AT ,2019,798 triệu,Nhập khẩu,Đã qua sử dụng,60000,Trắng,5,7,Số tự động,0,
 ô tô Kia Sorento Premium 2.2 AT AWD ,2023,1.234 tỉ,Lắp ráp trong nước,Mới,0,Xanh,5,7,Số tự động,0,
 ô tô Honda CRV G ,2019,729 triệu,Nhập khẩu,Đã qua sử dụng,60000,Trắng,5,7,Số tự động,0,
 ô tô Toyota Vios 1.5E ,2016,305 triệu,Lắp ráp trong nước,Đã qua sử dụng,91000,Đen,4,5,Số tay,0,
 ô tô Kia Rio 1.4 AT ,2014,320 triệu,Nhập khẩu,Đã qua sử dụng,72565,Đỏ,5,5,Số tự động,0,
 ô tô Mercedes Benz C class C200 Exclusive ,2020,1.138 tỉ,Lắp ráp trong nước,Đã qua sử dụng,29000,Đen,4,5,Số tự động,0,
 ô tô Toyota Camry 2.0G ,2021,860 triệu,Nhập khẩu,Đã qua sử dụng,36200,Trắng,4,5,Số tự động,0,
 ô tô Honda City 1.5 ,2019,418 triệu,Lắp ráp trong nước,Đã qua sử dụng,50000,Bạc,4,5,Số tự động,0,
 ô tô Lexus LX 570 Super Sport ,2018,5.899 tỉ,Nhập khẩu,Đã qua sử dụng,45000,Cát,5,7,Số tự động,0,
 ô tô Kia Sorento GATH ,2018,615 triệu,Lắp ráp trong nước,Đã qua sử dụng,0,Trắng,5,7,Số tự động,0,
 ô tô Toyota Vios 1.5E ,2017,299 triệu,Lắp ráp trong nước,Đã qua sử dụng,90000,-,4,5,Số tay,0,
 ô tô Mercedes Benz C class C200 Avantgarde ,2022,1.298 tỉ,Lắp ráp trong nước,Đã qua sử dụng,11111,Đỏ,4,5,Số tự động,0,
 ô tô Mercedes Benz GLC 300 4Matic ,2022,2.079 tỉ,Lắp ráp trong nước,Đã qua sử dụng,6200,Đen,5,5,Số tự động,0,
 ô tô Ford Ranger XLS 2.2L 4x2 AT ,2016,375 triệu,Nhập khẩu,Đã qua sử dụng,85000,Vàng,4,5,Số tự động,0,
 ô tô Mazda BT50 Deluxe 2.2L 4x2 AT ,2021,562 triệu,Nhập khẩu,Đã qua sử dụng,35000,-,4,5,Số tự động,0,
 ô tô Mercedes Benz ML Class ML350 ,2008,293 triệu,Nhập khẩu,Đã qua sử dụng,90000,-,5,5,Số tự động,0,
 ô tô Mazda BT50 Deluxe 2.2L 4x2 AT ,2021,560 triệu,Nhập khẩu,Đã qua sử dụng,35000,-,4,5,Số tự động,0,
 ô tô Ford EcoSport Titanium 1.5L AT ,2015,320 triệu,Lắp ráp trong nước,Đã qua sử dụng,80000,Trắng,5,5,Số tự động,0,
 ô tô Mitsubishi Xpander Premium 1.5 AT ,2022,615 triệu,Nhập khẩu,Đã qua sử dụng,17000,Trắng,5,7,Số tự động,0,
 ô tô Mitsubishi Xpander 1.5 AT ,2023,522 triệu,Nhập khẩu,Mới,0,Trắng,5,7,Số tự động,0,
 ô tô Ford EcoSport Trend 1.5L AT ,2019,399 triệu,Lắp ráp trong nước,Đã qua sử dụng,30000,Trắng,5,5,Số tự động,0,
 ô tô Mazda 3 1.5 AT ,2018,470 triệu,Lắp ráp trong nước,Đã qua sử dụng,50000,Xanh,4,5,Số tự động,0,
 ô tô Ford EcoSport Titanium 1.5L AT ,2017,368 triệu,Lắp ráp trong nước,Đã qua sử dụng,78000,Xám,5,5,Số tự động,0,
 ô tô Ford Escape XLT 3.0 AT ,2002,95 triệu,Nhập khẩu,Đã qua sử dụng,190000,Cát,5,5,Số tự động,0,
 ô tô Mercedes Benz GLS 450 4Matic ,2022,4.398 tỉ,Nhập khẩu,Đã qua sử dụng,5000,Đen,5,7,Số tự động,0,
 ô tô Mercedes Benz V class V220d CDI ,2017,1.18 tỉ,Nhập khẩu,Đã qua sử dụng,50000,-,5,7,Số tự động,0,
 ô tô Kia Rondo GAT Deluxe ,2019,415 triệu,Lắp ráp trong nước,Đã qua sử dụng,117000,Xanh,5,7,Số tự động,0,
 ô tô Hyundai i10 1.2 MT ,2022,335 triệu,Lắp ráp trong nước,Đã qua sử dụng,4000,Đỏ,5,5,Số tay,0,
 ô tô Hyundai Kona 2.0 ATH ,2020,560 triệu,Lắp ráp trong nước,Đã qua sử dụng,50000,Trắng,5,5,Số tự động,0,
 ô tô Toyota Vios 1.5E ,2018,336 triệu,Lắp ráp trong nước,Đã qua sử dụng,63000,Trắng,4,5,Số tay,0,
 ô tô Mercedes Benz V class V220d CDI ,2017,1.15 tỉ,Nhập khẩu,Đã qua sử dụng,50000,-,5,7,Số tự động,0,
 ô tô Honda City L 1.5 AT ,2023,528 triệu,Lắp ráp trong nước,Mới,0,Xanh,4,5,Số tự động,0,
 ô tô Ford Transit Tiêu chuẩn ,2023,760 triệu,Lắp ráp trong nước,Đã qua sử dụng,600,Nâu,4,16,Số tay,0,
 ô tô Chevrolet Spark LT 0.8 MT ,2010,65 triệu,Lắp ráp trong nước,Đã qua sử dụng,300000,Bạc,5,5,Số tay,0,
 ô tô Honda Jazz RS ,2018,420 triệu,Nhập khẩu,Đã qua sử dụng,72500,Đỏ,5,5,Số tự động,0,
 ô tô Toyota Fortuner 2.5G ,2013,495 triệu,Lắp ráp trong nước,Đã qua sử dụng,0,Đen,5,7,Số tay,0,
 ô tô Hyundai Kona 2.0 AT ,2020,495 triệu,Lắp ráp trong nước,Đã qua sử dụng,45000,Trắng,5,5,Số tự động,0,
 ô tô Toyota Vios 1.5E ,2018,300 triệu,Lắp ráp trong nước,Đã qua sử dụng,100000,Trắng,4,5,Số tay,0,
 ô tô Nissan Sunny XV ,2015,270 triệu,Lắp ráp trong nước,Đã qua sử dụng,53140,Xanh,4,5,Số tự động,0,
 ô tô Lexus RX 350 Premium ,2023,3.43 tỉ,Nhập khẩu,Mới,0,Nâu,5,5,Số tự động,0,
 ô tô Ford Ranger XLS 2.0L 4x2 AT ,2023,682 triệu,Lắp ráp trong nước,Mới,0,Trắng,4,5,Số tự động,0,
 ô tô Mazda 2 Sport Premium ,2022,498 triệu,Nhập khẩu,Đã qua sử dụng,12000,Trắng,5,5,Số tự động,0,
 ô tô Lexus RX 350 AWD ,2015,1.36 tỉ,Nhập khẩu,Đã qua sử dụng,110000,Đen,5,5,Số tự động,0,
 ô tô Audi Q3 2.0 Quattro ,2012,479 triệu,Nhập khẩu,Đã qua sử dụng,90000,Nâu,5,5,Số tự động,0,
 ô tô Ford Ranger Raptor 2.0L 4x4 AT ,2023,1.299 tỉ,Nhập khẩu,Mới,0,Ghi,4,5,Số tự động,0,
 ô tô Mercedes Benz C class C200 ,2015,660 triệu,Lắp ráp trong nước,Đã qua sử dụng,70000,Trắng,4,5,Số tự động,0,
 ô tô Mercedes Benz E class E250 ,2010,305 triệu,Lắp ráp trong nước,Đã qua sử dụng,18000,Ghi,4,5,Số tự động,0,
 ô tô Lexus RX 350 ,2017,2.35 tỉ,Nhập khẩu,Đã qua sử dụng,70000,Kem,5,5,Số tự động,0,
 ô tô Mercedes Benz C class C300 AMG ,2022,1.82 tỉ,Lắp ráp trong nước,Đã qua sử dụng,0,Đen,4,5,Số tự động,0,
 ô tô Hyundai Elantra 1.6 AT Đặc biệt ,2023,630 triệu,Lắp ráp trong nước,Đã qua sử dụng,3000,Đỏ,4,5,Số tự động,0,
 ô tô Ford Fiesta S 1.0 AT Ecoboost ,2013,275 triệu,Lắp ráp trong nước,Đã qua sử dụng,100000,Trắng,5,5,Số tự động,0,
 ô tô Mercedes Benz E class E200 ,2020,1.299 tỉ,Lắp ráp trong nước,Đã qua sử dụng,50000,Trắng,4,5,Số tự động,0,
 ô tô Toyota Corolla altis 1.8G ,2022,660 triệu,Nhập khẩu,Đã qua sử dụng,28000,Đen,4,5,Số tự động,0,
 ô tô Mercedes Benz GLC 200 ,2021,1.369 tỉ,Lắp ráp trong nước,Đã qua sử dụng,39000,Đen,5,5,Số tự động,0,
 ô tô Porsche Panamera 2.9 V6 ,2021,4.95 tỉ,Nhập khẩu,Đã qua sử dụng,38000,Xám,4,4,Số tự động,0,
 ô tô Mercedes Benz GLC 300 4Matic ,2017,1.34 tỉ,Lắp ráp trong nước,Đã qua sử dụng,30000,Trắng,5,5,Số tự động,0,
 ô tô Kia K3 Deluxe 1.6 MT ,2022,466 triệu,Lắp ráp trong nước,Đã qua sử dụng,15000,Đỏ,4,5,Số tay,0,
 ô tô Ford EcoSport Titanium 1.5L AT ,2017,365 triệu,Lắp ráp trong nước,Đã qua sử dụng,121000,Nâu,5,5,Số tự động,0,
 ô tô Kia K3 Premium 2.0 AT ,2022,629 triệu,Lắp ráp trong nước,Đã qua sử dụng,5600,Xanh,4,5,Số tự động,0,
 ô tô Honda CRV L ,2020,810 triệu,Lắp ráp trong nước,Đã qua sử dụng,46000,Trắng,5,7,Số tự động,0,
 ô tô Toyota Fortuner 2.5G ,2016,640 triệu,Lắp ráp trong nước,Đã qua sử dụng,77000,Đen,5,7,Số tay,0,
 ô tô BMW 2 Series 218i Active Tourer ,2016,465 triệu,Nhập khẩu,Đã qua sử dụng,80000,-,5,5,Số tự động,0,
 ô tô Toyota Vios E 1.5 MT ,2022,418 triệu,Lắp ráp trong nước,Đã qua sử dụng,31000,Đỏ,4,5,Số tay,0,
 ô tô Kia Cerato 2.0 AT Premium ,2018,396 triệu,Lắp ráp trong nước,Đã qua sử dụng,0,Đỏ,4,5,Số tự động,0,
 ô tô Kia Rio 1.4 MT ,2015,250 triệu,Nhập khẩu,Đã qua sử dụng,200000,Trắng,4,5,Số tay,0,
 ô tô Toyota Camry 2.5Q ,2019,900 triệu,Nhập khẩu,Đã qua sử dụng,60000,Đen,4,5,Số tự động,0,
 ô tô Toyota Vios 1.5G ,2016,375 triệu,Lắp ráp trong nước,Đã qua sử dụng,8,Kem,4,5,Số tự động,0,
 ô tô Toyota Camry 2.0E ,2017,630 triệu,Lắp ráp trong nước,Đã qua sử dụng,57000,Đen,4,5,Số tự động,0,
 ô tô Ford Focus 1.8 AT ,2011,245 triệu,Lắp ráp trong nước,Đã qua sử dụng,100000,Trắng,5,5,Số tự động,0,
 ô tô Ford Everest Titanium 2.0L 4x4 AT ,2020,968 triệu,Nhập khẩu,Đã qua sử dụng,60000,Trắng,5,7,Số tự động,0,
 ô tô Kia Rio 1.4 MT ,2016,250 triệu,Nhập khẩu,Đã qua sử dụng,0,Trắng,4,5,Số tay,0,
 ô tô Toyota Vios 1.5E MT ,2019,355 triệu,Lắp ráp trong nước,Đã qua sử dụng,50000,Bạc,4,5,Số tay,0,
 ô tô Toyota Fortuner 2.7V 4x4 AT ,2013,395 triệu,Lắp ráp trong nước,Đã qua sử dụng,0,Bạc,5,7,Số tự động,0,
 ô tô Lexus GX 460 ,2011,1.75 tỉ,Nhập khẩu,Đã qua sử dụng,63863,Trắng,5,7,Số tự động,0,
 ô tô Ford Ranger XLS 2.0L 4x2 AT ,2023,605 triệu,Lắp ráp trong nước,Mới,0,Xám,4,5,Số tự động,0,
 ô tô Audi Q7 2.0 AT ,2017,1.45 tỉ,Nhập khẩu,Đã qua sử dụng,119209,Đen,5,7,Số tự động,0,
 ô tô Mercedes Benz GLS 450 4Matic ,2021,4.399 tỉ,Nhập khẩu,Đã qua sử dụng,30000,Trắng,5,7,Số tự động,0,
 ô tô Toyota Fortuner 2.4G 4x2 MT ,2018,768 triệu,Nhập khẩu,Đã qua sử dụng,123000,Bạc,5,7,Số tay,0,
 ô tô Ford Ranger Raptor 2.0L 4x4 AT ,2023,1.225 tỉ,Nhập khẩu,Mới,0,Trắng,4,5,Số tự động,0,
 ô tô Mitsubishi Jolie SS ,2006,135 triệu,Lắp ráp trong nước,Đã qua sử dụng,0,Đỏ,5,8,Số tay,0,
 ô tô Toyota Hilux 2.8L 4x4 AT ,2021,845 triệu,Nhập khẩu,Đã qua sử dụng,41000,Trắng,4,5,Số tự động,0,
 ô tô Mazda BT50 3.2L 4x4 AT ,2014,345 triệu,Nhập khẩu,Đã qua sử dụng,120000,Đỏ,4,5,Số tự động,0,
 ô tô Mercedes Benz C class C300 AMG ,2019,999 triệu,Lắp ráp trong nước,Đã qua sử dụng,70000,Đỏ,4,5,Số tự động,0,
 ô tô BMW 5 Series 520i ,2018,1.199 tỉ,Nhập khẩu,Đã qua sử dụng,61000,Đồng,4,5,Số tự động,0,
 ô tô Kia Sorento 2.4 GAT Premium ,2020,685 triệu,Lắp ráp trong nước,Đã qua sử dụng,50000,Trắng,5,7,Số tự động,0,
 ô tô Mercedes Benz S class S450L ,2018,2.25 tỉ,Lắp ráp trong nước,Đã qua sử dụng,64000,Đen,4,5,Số tự động,0,
 ô tô Ford EcoSport Titanium 1.5L AT ,2017,355 triệu,Lắp ráp trong nước,Đã qua sử dụng,78000,Xám,5,5,Số tự động,0,
 ô tô Mercedes Benz GLC 300 4Matic ,2021,1.779 tỉ,Lắp ráp trong nước,Đã qua sử dụng,0,Đen,5,5,Số tự động,0,
 ô tô Mercedes Benz C class C300 AMG ,2022,1.898 tỉ,Lắp ráp trong nước,Đã qua sử dụng,9600,Trắng,4,5,Số tự động,0,
 ô tô Toyota Corolla altis 1.8G MT ,2003,136 triệu,Lắp ráp trong nước,Đã qua sử dụng,686,Đen,4,5,Số tay,0,
 ô tô Ford Explorer Limited 2.3L EcoBoost ,2022,2.15 tỉ,Nhập khẩu,Đã qua sử dụng,35000,Đen,5,7,Số tự động,0,
 ô tô Audi A6 1.8 TFSI ,2016,899 triệu,Nhập khẩu,Đã qua sử dụng,65000,Trắng,4,5,Số tự động,0,
 ô tô Toyota Camry 2.0G ,2022,935 triệu,Nhập khẩu,Đã qua sử dụng,25000,Đen,4,5,Số tự động,0,
 ô tô Mitsubishi Attrage 1.2 CVT ,2021,375 triệu,Nhập khẩu,Đã qua sử dụng,0,Xám,4,5,Số tự động,0,
 ô tô Toyota Fortuner 2.4L 4x2 AT ,2022,979 triệu,Lắp ráp trong nước,Đã qua sử dụng,28000,Kem,5,7,Số tự động,0,
 ô tô BMW 2 Series 218i Active Tourer ,2016,465 triệu,Nhập khẩu,Đã qua sử dụng,80000,-,5,5,Số tự động,0,
 ô tô Mercedes Benz GLC 200 ,2019,1.12 tỉ,Lắp ráp trong nước,Đã qua sử dụng,28000,Đen,5,5,Số tự động,0,
 ô tô BMW 2 Series 218i Active Tourer ,2016,465 triệu,Nhập khẩu,Đã qua sử dụng,80000,-,5,5,Số tự động,0,
 ô tô Ford Focus 1.8 MT ,2009,155 triệu,Lắp ráp trong nước,Đã qua sử dụng,0,Đen,4,5,Số tay,0,
 ô tô Lexus RX 350 ,2017,2.339 tỉ,Nhập khẩu,Đã qua sử dụng,69000,Vàng,5,5,Số tự động,0,
 ô tô Honda Brio RS ,2020,361 triệu,Nhập khẩu,Đã qua sử dụng,34000,Cam,5,5,Số tự động,0,
 ô tô Kia Sportage Signature 1.6T AWD ,2022,910 triệu,Lắp ráp trong nước,Đã qua sử dụng,6000,Xanh,5,5,Số tự động,0,
 ô tô BMW 2 Series 218i Active Tourer ,2016,465 triệu,Nhập khẩu,Đã qua sử dụng,80000,-,5,5,Số tự động,0,
 ô tô Ford Ranger Wildtrak 3.2L 4x4 AT ,2017,590 triệu,Nhập khẩu,Đã qua sử dụng,0,Cam,4,5,Số tự động,0,
 ô tô Toyota Hilux 2.4L 4x2 AT ,2021,660 triệu,Nhập khẩu,Đã qua sử dụng,70000,Đen,4,5,Số tự động,0,
 ô tô Mercedes Benz GLK Class GLK300 4Matic ,2009,330 triệu,Lắp ráp trong nước,Đã qua sử dụng,0,Đen,5,5,Số tự động,0,
 ô tô Ford Everest Titanium 2.0L 4x4 AT ,2018,860 triệu,Nhập khẩu,Đã qua sử dụng,0,Đỏ,5,7,Số tự động,0,
 ô tô Hyundai Accent 1.4 AT Đặc Biệt ,2022,479 triệu,Lắp ráp trong nước,Đã qua sử dụng,12000,Trắng,4,5,Số tự động,0,
 ô tô Ford Everest Titanium 2.0L 4x4 AT ,2019,910 triệu,Nhập khẩu,Đã qua sử dụng,46000,Đen,5,7,Số tự động,0,
 ô tô Hyundai Grand Starex Van 2.5 MT ,2016,530 triệu,Nhập khẩu,Đã qua sử dụng,90000,Bạc,5,6,Số tay,0,
 ô tô Ford Ranger Wildtrak 2.0L 4x4 AT ,2020,635 triệu,Nhập khẩu,Đã qua sử dụng,40000,Cam,4,5,Số tự động,0,
 ô tô Mazda 3 1.5 AT ,2018,469 triệu,Lắp ráp trong nước,Đã qua sử dụng,51000,Đen,5,5,Số tự động,0,
 ô tô Toyota Vios 1.5G ,2019,432 triệu,Lắp ráp trong nước,Đã qua sử dụng,63000,Cát,4,5,Số tự động,0,
 ô tô Mercedes Benz GLC 300 4Matic ,2022,1.979 tỉ,Lắp ráp trong nước,Đã qua sử dụng,15000,Đen,5,5,Số tự động,0,
 ô tô BMW 5 Series 520i ,2013,680 triệu,Nhập khẩu,Đã qua sử dụng,90000,Đen,4,5,Số tự động,0,
 ô tô Toyota Camry 3.0V ,2004,188 triệu,Lắp ráp trong nước,Đã qua sử dụng,0,Đen,4,5,Số tự động,0,
 ô tô Hyundai Accent 1.4 AT ,2021,435 triệu,Lắp ráp trong nước,Đã qua sử dụng,39000,Trắng,4,5,Số tự động,0,
 ô tô Lexus ES 250 ,2018,1.69 tỉ,Nhập khẩu,Đã qua sử dụng,48000,Trắng,4,5,Số tự động,0,
 ô tô Nissan Navara LE 2.5MT 4WD ,2013,260 triệu,Nhập khẩu,Đã qua sử dụng,100000,Xám,4,5,Số tay,0,
 ô tô Ford Ranger XLS 2.0L 4x2 AT ,2023,635 triệu,Lắp ráp trong nước,Mới,0,Nâu,4,5,Số tự động,0,
 ô tô Ford EcoSport Titanium 1.5L AT ,2018,445 triệu,Lắp ráp trong nước,Đã qua sử dụng,43000,Nâu,5,5,Số tự động,0,
 ô tô Ford Ranger Raptor 2.0L 4x4 AT ,2023,1.2 tỉ,Nhập khẩu,Mới,0,Xám,4,5,Số tự động,0,
 ô tô Hyundai Elantra 1.6 AT Đặc biệt ,2022,620 triệu,Lắp ráp trong nước,Đã qua sử dụng,24000,Xám,4,5,Số tự động,0,
 ô tô Lexus GX 470 ,2008,840 triệu,Nhập khẩu,Đã qua sử dụng,100000,Đen,5,7,Số tự động,0,
 ô tô Kia Carnival Premium 2.2D 7S ,2023,1.349 tỉ,Lắp ráp trong nước,Mới,0,Đen,5,7,Số tự động,0,
 ô tô Mitsubishi Xpander Premium 1.5 AT ,2023,640 triệu,Nhập khẩu,Đã qua sử dụng,9000,Trắng,5,7,Số tự động,0,
 ô tô Mercedes Benz S class S450 4Matic ,2023,4.799 tỉ,Nhập khẩu,Đã qua sử dụng,500,Đỏ,4,5,Số tự động,0,
 ô tô Mercedes Benz E class E180 ,2022,1.619 tỉ,Lắp ráp trong nước,Đã qua sử dụng,9900,Trắng,4,5,Số tự động,0,
 ô tô Ford Ranger Wildtrak 2.0L 4x4 AT ,2022,749 triệu,Lắp ráp trong nước,Đã qua sử dụng,36000,Trắng,4,5,Số tự động,0,
 ô tô Kia Carnival Luxury 2.2D ,2023,1.209 tỉ,Lắp ráp trong nước,Mới,0,Trắng,5,8,Số tự động,0,
 ô tô Honda City L 1.5 AT ,2023,549 triệu,Lắp ráp trong nước,Mới,0,Trắng,4,5,Số tự động,0,
 ô tô Porsche Panamera 4S ,2011,1.13 tỉ,Nhập khẩu,Đã qua sử dụng,87500,Xám,4,4,Số tự động,0,
 ô tô Kia Cerato 1.6 AT ,2010,275 triệu,Nhập khẩu,Đã qua sử dụng,120000,Đỏ,4,5,Số tự động,0,
 ô tô Suzuki Swift 1.4 AT ,2015,305 triệu,Lắp ráp trong nước,Đã qua sử dụng,63000,Trắng,5,5,Số tự động,0,
 ô tô Toyota Corolla altis 1.8G AT ,2009,310 triệu,Lắp ráp trong nước,Đã qua sử dụng,37000,Đen,4,5,Số tự động,0,
 ô tô Toyota Vios 1.5G ,2010,260 triệu,Lắp ráp trong nước,Đã qua sử dụng,120000,Bạc,4,5,Số tự động,0,
 ô tô Chevrolet Colorado LTZ ,2017,400 triệu,Nhập khẩu,Đã qua sử dụng,80000,Trắng,4,5,Số tự động,0,
 ô tô Kia K3 Premium 2.0 AT ,2022,610 triệu,Lắp ráp trong nước,Đã qua sử dụng,38000,Đen,4,5,Số tự động,0,
 ô tô BMW 5 Series 528i ,2014,698 triệu,Nhập khẩu,Đã qua sử dụng,94000,Xám,4,5,Số tự động,0,
 ô tô Audi Q8 55 TFSI S,2021,3.55 tỉ,Nhập khẩu,Đã qua sử dụng,12000,-,5,5,Số tự động,0,
 ô tô Mercedes Benz C class C200 CGI ,2010,265 triệu,Lắp ráp trong nước,Đã qua sử dụng,16088,Ghi,4,5,Số tự động,0,
 ô tô Honda Civic 1.8 AT ,2008,245 triệu,Lắp ráp trong nước,Đã qua sử dụng,120000,Xanh,4,5,Số tự động,0,
 ô tô Mercedes Benz E class E300 AMG ,2019,1.669 tỉ,Lắp ráp trong nước,Đã qua sử dụng,24000,Trắng,4,5,Số tự động,0,
 ô tô Hyundai Elantra 1.6 AT Tiêu chuẩn ,2023,580 triệu,Lắp ráp trong nước,Mới,0,Cát,4,5,Số tự động,0,
 ô tô Hyundai i10 Grand 1.2 AT ,2019,308 triệu,Lắp ráp trong nước,Đã qua sử dụng,80000,Bạc,4,5,Số tự động,0,
 ô tô Toyota Vios G 1.5 CVT ,2021,485 triệu,Lắp ráp trong nước,Đã qua sử dụng,32000,Trắng,4,5,Số tự động,0,
 ô tô Ford Ranger XLS 2.0L 4x4 AT ,2022,695 triệu,Lắp ráp trong nước,Đã qua sử dụng,20000,Ghi,4,5,Số tự động,0,
 ô tô Mercedes Benz S class S500L ,2014,1.69 tỉ,Nhập khẩu,Đã qua sử dụng,85000,Đen,4,5,Số tự động,0,
 ô tô Kia Sedona 3.3 GAT Signature ,2021,855 triệu,Lắp ráp trong nước,Đã qua sử dụng,81000,Đen,5,7,Số tự động,0,
 ô tô Toyota Vios 1.5E MT ,2021,400 triệu,Lắp ráp trong nước,Đã qua sử dụng,11000,Cát,4,5,Số tay,0,
 ô tô Kia Sedona 2.2L DATH ,2017,695 triệu,Lắp ráp trong nước,Đã qua sử dụng,82000,Ghi,5,7,Số tự động,0,
 ô tô Mercedes Benz CLA class CLA 250 4Matic ,2014,599 triệu,Nhập khẩu,Đã qua sử dụng,76800,Tím,4,5,Số tự động,0,
 ô tô Kia Forte SX 1.6 AT ,2011,275 triệu,Lắp ráp trong nước,Đã qua sử dụng,120000,Đen,4,5,Số tự động,0,
 ô tô Honda City 1.5TOP ,2017,382 triệu,Lắp ráp trong nước,Đã qua sử dụng,69000,Trắng,4,5,Số tự động,0,
 ô tô Hyundai Accent 1.4 AT ,2020,425 triệu,Lắp ráp trong nước,Đã qua sử dụng,21689,Đen,4,5,Số tự động,0,
 ô tô Ford Ranger XLS 2.2L 4x2 AT ,2019,519 triệu,Nhập khẩu,Đã qua sử dụng,56334,Cát,4,5,Số tự động,0,
 ô tô Ford Everest Ambiente 2.0 4x2 AT ,2019,715 triệu,Nhập khẩu,Đã qua sử dụng,68000,Trắng,5,7,Số tự động,0,
 ô tô Mazda 3 2.0 AT ,2018,489 triệu,Lắp ráp trong nước,Đã qua sử dụng,55000,Trắng,4,5,Số tự động,0,
 ô tô Honda CRV e:HEV RS ,2023,1.264 tỉ,Nhập khẩu,Mới,0,Đỏ,5,5,Số tự động,0,
 ô tô Toyota Camry 2.5Q ,2021,1.05 tỉ,Nhập khẩu,Đã qua sử dụng,8100,Đen,4,5,Số tự động,0,
 ô tô Ford EcoSport Titanium Black 1.5L AT ,2017,395 triệu,Lắp ráp trong nước,Đã qua sử dụng,12900,Đỏ,5,5,Số tự động,0,
 ô tô Mercedes Benz E class E300 AMG ,2021,2.06 tỉ,Lắp ráp trong nước,Đã qua sử dụng,45000,Đen,4,5,Số tự động,0,
 ô tô Mercedes Benz GLC 200 ,2019,1.088 tỉ,Lắp ráp trong nước,Đã qua sử dụng,70000,Trắng,5,5,Số tự động,0,
 ô tô Mitsubishi Xpander 1.5 AT ,2019,469 triệu,Nhập khẩu,Đã qua sử dụng,69000,Ghi,5,7,Số tự động,0,
 ô tô Toyota Fortuner 2.4G 4x2 MT ,2017,710 triệu,Nhập khẩu,Đã qua sử dụng,86533,Nâu,5,7,Số tay,0,
 ô tô Porsche Macan 2.0 ,2021,2.9 tỉ,Nhập khẩu,Đã qua sử dụng,13999,Trắng,5,5,Số tự động,0,
 ô tô Porsche Macan 2.0 ,2021,2.85 tỉ,Nhập khẩu,Đã qua sử dụng,10000,Trắng,5,5,Số tự động,0,
 ô tô Ford Escape XLS 2.3L 4x2 AT ,2013,328 triệu,Lắp ráp trong nước,Đã qua sử dụng,78000,Cát,5,5,Số tự động,0,
 ô tô Kia Cerato 2.0 AT Premium ,2020,500 triệu,Lắp ráp trong nước,Đã qua sử dụng,70000,Đỏ,4,5,Số tự động,0,
 ô tô Kia Carnival Signature 2.2D ,2022,1.386 tỉ,Lắp ráp trong nước,Đã qua sử dụng,30000,Đỏ,5,7,Số tự động,0,
 ô tô Audi Q5 2.0 AT ,2015,685 triệu,Nhập khẩu,Đã qua sử dụng,68000,-,5,5,Số tự động,0,
 ô tô Lexus RX 350 ,2009,899 triệu,Nhập khẩu,Đã qua sử dụng,77000,Đỏ,5,5,Số tự động,0,
